{"loss": [0.39417460560798645, 0.25757649540901184, 0.2214660793542862, 0.19077317416667938, 0.165995255112648, 0.15077295899391174, 0.12872549891471863, 0.11260052770376205, 0.10242652148008347, 0.08962945640087128], "accuracy": [0.859749972820282, 0.9065499901771545, 0.9199833273887634, 0.9302833080291748, 0.9390833377838135, 0.9447500109672546, 0.9540833234786987, 0.9592333436012268, 0.961816668510437, 0.9680333137512207], "val_loss": [0.29593849182128906, 0.29036903381347656, 0.25194239616394043, 0.24939824640750885, 0.44307005405426025, 0.2631075978279114, 0.2460361123085022, 0.24642635881900787, 0.2851161062717438, 0.27937600016593933], "val_accuracy": [0.8938000202178955, 0.8920999765396118, 0.907800018787384, 0.9128999710083008, 0.8579000234603882, 0.9165999889373779, 0.9214000105857849, 0.921999990940094, 0.9223999977111816, 0.9207000136375427]}